title,link
AMD RADEON RX 470 8GB || GRAPHICS CARD || REFURBISHED + NEW THERMAL PASTE,https://www.ebay.ca/itm/355752509904?hash=item52d48081d0:g:0EoAAOSwtG5j0CHF&itmprp=enc%3AAQAJAAAAwD%2F5rxJO4wo%2BJZ7xFzN75j4TY%2FK6pCf4qu8MKk4b1F%2FHDsm1V%2FvhwrYlo0fmvBhBZ7eBAt1FZSCTZbMZmzj0h2LFh9a7q%2FY7ZEiA43KARn%2FvsoeXLOiaW8cK11WleiWlw3RCAGQ1iTW3w%2FQtF6vDQ3B%2FxysY3D6xPwvh2kaeRpX07Vkxibjlqe6wqDbhJ69Ye%2FPMzW1QBG5oo8hrqKyX%2BMcObCjJEBpEvzQhj6NidLSL%2BNvgysxI%2F3dliS42Kf2wRw%3D%3D%7Ctkp%3ABlBMULDH3K_9Yw
EVGA GeForce RTX 3060 XC GAMING 12GB GDDR6 Graphics Card (12G-P5-3657-KR),https://www.ebay.ca/itm/315413777325?epid=2315640392&hash=item4970204bad:g:bIgAAOSwXWlmXj4P&itmprp=enc%3AAQAJAAAA4OE2z%2BG3QhhPgP%2BOaOomwWMUGwYb3irSx7GGgbVTb3h29gU6zkzL6HL1uhjeBc6sJ7n267LbdfRxGaVUTYWnV7aackpMf%2Fq5LI6MEcJvVXgZOY1FE7HBFojNnuLdUu95%2FKgBzPLQ%2BNerE3%2F2%2B2Zw4odzxP4Uy%2FbpDfCyLcVNX1dszwd01IbGuD%2BZoLd8GCYnZLN2AUDc5VH4p8Qcizn7ZrDMmAicSg1ncX3Ifxu50%2Fo05F%2BzoTQNuuyCUDk4hYgc3EvuksqbqlsoYC%2BqkthJ1bFeUL2QsWhxYEcfe8SWs7Lw%7Ctkp%3ABFBMssfcr_1j
MSI Nvidia GeForce GTX 1080 Armor OC 8GB GDDR5 Graphics Card ‎Fully Tested,https://www.ebay.ca/itm/355681936065?hash=item52d04ba2c1:g:nhoAAOSwMb1mMGqA&itmprp=enc%3AAQAJAAAA4Ec8pTfbJ5bYYdv0U3HrtKfY7jG5aJtQl0yNWuLNwL0bABxJfhr8KwafEuYcCDLP1g7XZgT4TZ9IAVtUlOh2bUnZh5acAPStEfO1c%2Br76eQ6Zyxox%2BZlUyGCqo33KSK47qrTjR9de%2BsSVbYraOoEhgMegTm7ZAHsRHlkXIOqrWtNq0NWWthtHqJZgfcGUR0QeivEnrjYygtY66vkhHg60rx9sIQNQ2m2XqGwmqRc1dYAU9PB9JsP361OE5kyV3kkU%2B4svhoq7h02YNfS%2FEp94ff7uIXKGxuyGpHJy2X70y1g%7Ctkp%3ABk9SR7LH3K_9Yw
PowerColor Red Devil AMD Radeon RX 6900 XT Ultimate Gaming Graphics Card - READ,https://www.ebay.ca/itm/196421058234?hash=item2dbb9b7eba:g:uhkAAOSw9RVmTZLF&itmprp=enc%3AAQAJAAAA4EL6SF5IOrJ4gFxN2QVd8RfS8yBGA8I%2F%2BrjDm5V2F8%2BeNsQICTqbTW0yRQYIHudaruo3adlHsTW7Vkg%2FFIXpyOVy7e4RwY2HPneOm7G3WDIRt%2Fx4Ivqcbp5iQM81joPWYcPtBtVZZyNVmeEDYnS3So8dbvnjaGKjeS2AwHGBq4dpXV72iKXXQRW1Fjj2sSz03mVwpNw4bKwkYOJNwfNzI3CUxeLKAPRIy%2Fcqrf%2FDzi2LN8KXJVlBHYuw3aZi1y9pdejRhCt4ZedYAscqdHLYPkIXZ7JEHoYhAj4Adb7HGdFr%7Ctkp%3ABk9SR7LH3K_9Yw
NVIDIA GEFORCE RTX 2060 6GB GDDR6 GRAPHICS CARD - HP L58312-001,https://www.ebay.ca/itm/256518122765?epid=7056278315&hash=item3bb9abed0d:g:7QUAAOSwyFtmS6ri&itmprp=enc%3AAQAJAAAA4OKTn%2FrJ0DyeNIwezU7sB3dpBV9a2qW%2BmWq4rPDxcWqNlwqCGYGwAjkiQjBfCSJuXBeknQh6ThhfN%2F4ZuGYFvy2xVDTG1ajtG%2Br53H5H99Xq8FBaW%2B2U6rS0hn8XLK15GGcrV%2FXTPuve8BmJnmfx4lnlIJBGHfWKdeyL7Qk9ltFHecJWalUKI4QOvnaziH0o8Tw%2Bx5caLZ%2F%2BC1EZKdXUlegat32pZHFe4pqN1Y3cCzw0L4eQubcFnIQmOc48DOvZq9kahwHdJwrOHr7mw%2B9QHwBme7t6v3XJl%2FHX2xQvXBn6%7Ctkp%3ABk9SR7LH3K_9Yw
New ListingNVIDIA GeForce RTX 2080 8GB GDDR6 Graphics Card (9001G1802500000),https://www.ebay.ca/itm/276496500657?hash=item406079c7b1:g:fhcAAOSwiExl84x9&itmprp=enc%3AAQAJAAAAwHTRdkzqsMU1TB0g9lvTzKId1O0Pqyey7GHYjFZw74PiQUUwv5RNVX2VqRaKFNuP8ZQSvA6T%2B1lMKYmif%2B15eHLtXqRP0CWLX65t3eUBBooL57R0JN1QnluGWU4%2FRa2qqZCBR9qssYy3s%2BoEUn414Zcn5ZocVFNE1Rr66ldgOhGbgIJ%2BOu8uzok1yDYx0s9WGkFQzsAfm4SxLkajWik8xWaRTeagxoLpqby24gBwsCapqBOmNCpDZ5zlRMwBCgfnLw%3D%3D%7Ctkp%3ABk9SR7LH3K_9Yw
New ListingASUS Cerberus GeForce GTX 1050 TI 4gb OC Edition Gddr5 Gaming Graphics Card,https://www.ebay.ca/itm/186478532424?hash=item2b6afc9748:g:RfgAAOSwNIdmYNnp&itmprp=enc%3AAQAJAAAAwNL7pMkHgdvg2H2qvPZS%2FeX9WHidVKLw9xbYT5dMFrw3dz5yE00dpQ7s%2Bw69ZQFIY%2FakD7a2pVkmlZVkS7CoFwyOSKHVJRJUl7ubV5Ghy2Z2wGjmmiFkIkQ6htarN90JUsrEniqXGSb7cLU1KyfNYZ4jPJt5Czkke7kHzQl6pCE52EvG7oQK2ilp7dxj28Ov7OxxDkmdvISn9wsu4lKySxvIlklCsEgzSrFFYhvtPiroWQ3gS%2B4rZN99qJ9XXdgKdA%3D%3D%7Ctkp%3ABk9SR7LH3K_9Yw
ASRock AMD Radeon RX 6900 XT OC Formula 16GB GDDR6 Graphics Card,https://www.ebay.ca/itm/405017162422?epid=17046137489&hash=item5e4ce772b6:g:Ed8AAOSwVtNmX1T6&itmprp=enc%3AAQAJAAAAwBmrq1hcp4sc6W4X1kpdd0Z3Yr3wH20q3M9nNhxpz5wZrGRJRXxF%2BXSotEbJ2o3Og37L9rT9wqsI5vH2R8mB8l9v9zXMnKw9UtvPHa0S3BS%2F09F3CatEqDLDqnagu0wisKeUrBtiKc30o3btNAZQZkgqeb1nWNrWx1DJ3qVtEgXuLoAh3iv8T07odjlfmiB1gSdov01%2Be4O8LfvIZv8%2FiuPGYGtbuvlrX%2BaDeDEEBGMYangEyXDLkGB3FFirbbDM5w%3D%3D%7Ctkp%3ABk9SR7LH3K_9Yw
New ListingXFX Radeon RX 5700 XT 8GB GDDR6 Graphics Card (RX57XT83LD8) 5700XT Original Box,https://www.ebay.ca/itm/156243398029?epid=22045601389&hash=item2460d50d8d:g:0-oAAOSwtiVmQ915&itmprp=enc%3AAQAJAAAAwGSQvb7KRztKd%2F5WyYMP3lrwZGroVIu%2FG4%2B6Vjtav42ePqSCjwqEdSZ%2FZefSwa9gmxTRSJtc%2FMT7IR%2FBVC2OgbD%2B7W8AfpMyQGrDI4jGLKok1V1AY%2Fv4BKh%2FUOZuIFxDkVL3vwMUNYjRbdgQ6EYhsYhtPcb89HePSvErQTOoxfmJgsLkMZcuWrYw0sypeavkjMGS9Zqc%2Bd84XYkzQRSId4y5hjZz5gxwiBoeS2tq3PwApUyXmxzSKZIsVQHSFodNIw%3D%3D%7Ctkp%3ABk9SR7LH3K_9Yw
New ListingMSI GeForce RTX 4090 SUPRIM LIQUID X 24GB GDDR6X Graphics Card BRAND NEW SEALED,https://www.ebay.ca/itm/335427397479?hash=item4e1907e767:g:jgkAAOSwiA9mYL-P&itmprp=enc%3AAQAJAAAA4OGsuqYAhRY0LwrF6possr2dI%2BKD835%2F17x1%2FGErNH7ls03uTdH0EXeWGpBgwXP1PLEQbr0X0EDfKZR54XqXJPGJqKxzyE5KDywaqWDGEJTxyBI4i%2FMpD%2F132PwnCT8SK5uMkAoLl6UYV5CXiDZqkdalvDFSxK1ByiMdieq7mCasVR3JbAwYbFFaZNGWhq4PQaouKjS5FQRnRKfX0ZjbsoOnqAgg3q5ZAd7nVepKo96DQWyyB9GkezU8%2BiwOcrXM%2FJp7vqzuL2vWVkhkhdilm9Komsid3AEv49FXXVX0XcK4%7Ctkp%3ABk9SR7LH3K_9Yw
GIGABYTE GeForce RTX 3070 GAMING OC 8G GDDR6 Graphics Card - GV-N3070GAMING...,https://www.ebay.ca/itm/305563386826?epid=26048919490&hash=item4724ff43ca:g:sC4AAOSwITZmQcHL&itmprp=enc%3AAQAJAAAA4CZERjjt31kI7E%2Bb3Uh9l6qE6oH2SHzD1lvIquy8PWq6lsEIBG5ww7E4sipLXfgU7nY7zci9Obxbfyw0LZ5%2FDs%2BJPsVCJgKUA9tntt1UXouL%2FD0ND%2BD1LVAI5eq39IzoyTcs88w4tj6wxVfjpu9p8O1C%2FF7DzhvBClcZ59bX2H1YyJ2JYkXUwGYgEa9JEzxCrEMQcL0kKRI1CHW3yNZcKuiT%2BX%2FrZrdoy0VuWX1JVlvdaXJf27DpViBRhrDadvkcnqgwI8DHLos79nPF%2Bnfos82DL3ZzpSusTM0ENW%2BghO3W%7Ctkp%3ABk9SR7LH3K_9Yw
New ListingMSI NVIDIA GeForce GTX 1080 8GB Gaming X8G GPU Overclocked Edition Graphics Card,https://www.ebay.ca/itm/315418747086?hash=item49706c20ce:g:XqEAAOSwq9BmYNSu&itmprp=enc%3AAQAJAAAAwEYIg7VKBZQ6H358HMBXgBjXFHPHbQjoT3o3TbPoQvW062XC8vOtnj3hjw5KkQ3NMKOCbjtdGk5%2FnFFzQke8XTs22%2B%2B78fJvWkx%2FWqvyEDinqLsMYsPXuoFEKFl%2Fngz7HaB2m10CLeLbsBjmLQ7xZkmyuKMBcpNjXNQEifIgJjlDuIiJ%2FeItLZioEfR23jnxwjC9%2BiTcOFrk8paxBhqEYywiueWeeCBE9Vy6gnNZW02wdWcGE%2FbHIsKXhAObx6JnSQ%3D%3D%7Ctkp%3ABk9SR7LH3K_9Yw
New ListingNVIDIA GeForce GTX Titan Xp 12GB GDDR5X Graphics Card 90-1G611-2530-000 PJ611,https://www.ebay.ca/itm/305602968105?epid=242683995&hash=item47275b3a29:g:2NAAAOSwcGlmYFcL&itmprp=enc%3AAQAJAAAA4JU%2B1fQel5VghO7T3hMyamd%2FxjgOv1M32tpa2D1ey4XXI6W98hdjQI9vPJWbPuakL08y%2BCeLNwtJ3ZabJQdbM24%2Fwg8BTzI3PDFCzYqzg8B8RVtk4%2BnrEFtvDPyThoKs9U8B6xEXSxOJf3bEN9hyhJRFg3U6IHJjuGiHhBVT35QGHeJX6tAoWD6%2BiGG%2BCd0qkeWOiUe%2FkKghwNmCRkmAxW50jr%2BVpCmW8lGdieO%2F%2ByoTc381nV8EPN29hX65yWI2XLfcoZySw1eTb5lM%2FKn17FRGKcRRCwI8U4QJzma026TB%7Ctkp%3ABFBMssfcr_1j
New ListingEVGA GeForce RTX 3060 XC GAMING 12GB GDDR6 Graphics Card 12G-P5-3657-KR ,https://www.ebay.ca/itm/235595654268?hash=item36da98647c:g:VOgAAOSwcGlmYJnw&itmprp=enc%3AAQAJAAAA4Mf4bDPOCS3gcOD5j%2F%2B5Wa1fbdxmaC0vbtvQoLQz4COeHd049cT5kXS7Eqd%2F09jH4YsTP%2BQKMJ9OO58kszpy4HDk%2BMnQLQhmty3qwExxDQDzvRtOS22vJtXN4z4fUYYUzVORpwDcdeiT8%2FYzGumUaFDC5%2FyfdCrZne0tFD3AT7Fuqc4Kz%2B2Yw5lCYzm9vNRSlRIDtZO8HkFNgEA8wJ5ySN2B1aSivKYyGFGULAMcW1aIS9wzj4Ue4q8ZVT6uBQ4hz1sbVbc4FL1u%2B8imnpLSXovxVJOmpBaL0ovNWgOMI6Mw%7Ctkp%3ABFBMssfcr_1j
GIGABYTE Radeon RX 6600 XT GAMING OC PRO 8GB GDDR6 Graphics Card,https://www.ebay.ca/itm/326125568135?epid=7050209796&hash=item4bee994087:g:T0oAAOSwsXxmQjo0&itmprp=enc%3AAQAJAAAA4P8UAM%2BrkASFvqeVsFZKanrPqQRLkSFzPRHPhUvS%2FNdOZ%2BRcBmosd5ULhZvng7e608%2BodP9v2ZyKwwwALzMQa%2B7fYhlzTrYJV6Eidz3pfocT%2FdX4UVxU9ebWpnqKprEsoioxG7VanmM0qr1kPyVc3V99Mir0lb0pYirdGx%2FP7%2BRMDgk%2BEFGPeumRjE1b583gyAwwlXeAiLIFlkLz5WJcMjdWvKWtOFYXofPWILtsoqdcieSjq%2BZ8avwAwk6gKUJ%2Brbq5RkVuvQVOYlUxo0fGAtVyh0yFiuPPoha%2Fn5LbNsYT%7Ctkp%3ABFBMssfcr_1j
Nvidia Tesla P4 8GB GPU Graphics Card both brackets GDDR5 900-2G414-6300-000,https://www.ebay.ca/itm/314210522487?hash=item4928681577:g:b6YAAOSwKwNmHKRB&itmprp=enc%3AAQAJAAAA4CDlL%2B4jF6g9FweIJEJw4RPe8BKkvhqh1AkGaml2A2yqIRM5O77VGrAIlICXA%2B0R2WmiaqxQ%2Bp%2Fd9lK7BUe6w2LB2PgLXeHPwrjqKKbiHSinqdxz%2BNfEtGi6gVHtfTUKN2LDxWlZIGlCFtN1RUFzAop4GrhOABWU%2BMQOLH9L0y3uR47gP0kC1X4JM7tZkD2l7UMwS2648RCGOuj%2Fhsqu3Zhpx3OFYYzSaTP0rmoxHX8jIj4N%2BaJEBnPS6KGRXC2f2mDiml0sxbMchEwn8h9qTVPVV3KJmeNDT0gmUVz1pBkT%7Ctkp%3ABFBMssfcr_1j
New ListingASUS ROG STRIX GTX 1660 Super Gaming 6Gb GDDR6 Graphics Card,https://www.ebay.ca/itm/176410743952?hash=item2912e65490:g:P9UAAOSwhxtmYKrN&itmprp=enc%3AAQAJAAAAwI7mFfpsLOFfXaWfER4M3zsqTsiJB3vz08663SOs9EYlDkIz0qNmC08jKkv139IS2kqZWsuOkIky1NOZEbTNRr3PFaaksgrJuUffw4gYUHsBOb3RlzigaElFBsFaGUHkQiUK1vSkHiiXv47aGRi625B3MAvr0Ib68O9bacSFME0p9LFqmaUD%2Ff815rJeU5XhHXtSHWYg5V5gOB%2BHv1%2BZiuLAZNmZXo1UPvCy6k3%2BRWV8ehHyIkaBY3z7r2dUHIaYFg%3D%3D%7Ctkp%3ABk9SR7LH3K_9Yw
PNY GeForce GTX 1060 6GB Graphics Card GPU,https://www.ebay.ca/itm/305564992752?hash=item472517c4f0:g:PAEAAOSwUFdmQtd9&itmprp=enc%3AAQAJAAAA4A1S5eG1aCVgaKe9GDXBEm8zSEWD2ENyzk4wY0VofrSySFAbbm78Mu1FLjIwO8LLE7S7eHWYlSXKAEgK%2FM45YUHiwzDYdLzRSHbcui%2FerSoPsHVQ3K8wzKbZcBoWnUANUK88obP3lAgdw80OUokZQ%2BhLAB6Bjggyg2QXOoVak%2Bh9NHbVHGtFvSBANY6otx39eQ6NeRGYvqQjZyXafDI8BkI1DH2zjRoLHPwqf%2BrTa%2BTR7EqIHY8M3P8WEjNWCgBGjaJTTCUX9ub4uuTRsu5z%2FmDkvuybQ6Xgra83ONtxnhk4%7Ctkp%3ABk9SR7TH3K_9Yw
New ListingGIGABYTE Radeon RX 7900 XTX GAMING OC 24GB GDDR6 Graphics Card,https://www.ebay.ca/itm/256534794572?hash=item3bbaaa514c:g:gf4AAOSw9V1mYG-g&itmprp=enc%3AAQAJAAAAwMAUdx1O7TENsftEuC94Krahxi7Jt0vIyaz8KCaIWS%2BnZFGiZnGcpnMnd6dIbd0vjw2EmTN4sJjtowPLSEl6vBlT%2B5qo1rokWCRsKjJgUT81exwJmBGzJ8g6y1V%2BdIIrcHbCI4bxl20I739cIv4k8u4yHblJICOK1at39aIM87qqenWgyk%2FbNL2JFuxnD1uRYF0Ae788WkUTQySTR9jS%2Ba2YNvrkAOgyaG4JdOiViiLezI9XD8XHaeRm%2Fg94C5I%2Bwg%3D%3D%7Ctkp%3ABk9SR7TH3K_9Yw
MSI NVIDIA GeForce RTX 3060 VENTUS 3X OC Graphic Card - 12 GB GDDR6 - 1.81 GHz B,https://www.ebay.ca/itm/355753046558?epid=18045664186&hash=item52d488b21e:g:3PEAAOSwNfZmTiv6&itmprp=enc%3AAQAJAAAAwAFD6X--r8r%2B4sKtu%2FXWZuuccmqd86UXQFyip6NCPCtF8AoicMx3gud%2FmPDl8UoPkLWU0trTNO7H%2FHl9AkoXDrgUgucCL7wE5DcYNPC175z59d6i5GfkbSNphDKYAiIfhVZkGP%2ByBZFxBpciRpa7rUul5en9HomLJ4ja7sGOEg3Ox5yru%2FcqxuhO9lbD4dYD4HfGywVu7bgd5hVN55OgS%2B0eMZ2J%2BZhDv0yYTMzERNbG65%2BAoW8aKv9Vih%2FfJyMZfw%3D%3D%7Ctkp%3ABk9SR7TH3K_9Yw
New ListingNVIDIA GeForce FX5200 128MB AGP s-video VGA Video Graphics Card,https://www.ebay.ca/itm/226179067441?hash=item34a952ae31:g:nhkAAOSw0t5mYKya&itmprp=enc%3AAQAJAAAA4B31GF5lJRxh%2FPtyc8bXtAmmf8xjwsrdHKwecLV7Mfo%2BiyQbxYkWkofZNH0PhXY4vfK4eL8GRsfQ8X%2ByxSVwzuY1l6a216GJQoYtOO1%2FT80wsdHt9fmEhYyeGJkw8V40yNsIlq9BhM0JYd3e6rG8bROgqD3yd0haK0OeFz0LwDR3KRrGwirzAH4xE%2Fbcj1e1OK4SmqclkW%2F7pZWLs6DCRIQW4Z%2FfJZ%2FDW4%2B%2FrUTPN72SD%2F6lJNKKMizXp695Z8Q8QqI2GR%2B6MQMbi24JavOcNcjOkLxaa%2B2HQKZNEPwpS%2F4z%7Ctkp%3ABk9SR7TH3K_9Yw
"Gigabyte GeForce RTX 3070 8GB GDDR6 Graphics Card - HDMI, DisplayPort",https://www.ebay.ca/itm/186399415995?hash=item2b66455ebb:g:Bu8AAOSwRD5mIUxd&itmprp=enc%3AAQAJAAAAwIbVsZhwpze9E3gyFeJqg4GRnAkVnP5nnFo%2FtZ9W8rUyMDjI5doiR9ef9tC0U2y5OT9ukhnNvJMln6hMsg7E0dlHiDUEY5MR1POZfxo1VveFVY0ypg2iFV6zuliu2gguIPalhLItY6tu9LzoICgPbKrqDnDSRp3kgvdj%2F1vs00CT5yAlmnF16p4r6jMX4y9%2F5nZoYLB0skzDlFdSfcqNrqWxT208HxUDbvADNKAzx7iL7sEjVrBsWxclRdSV7H4GSA%3D%3D%7Ctkp%3ABk9SR7TH3K_9Yw
New ListingMSi GeForce GTX 1060 Gaming X 6G Gaming Graphics Card,https://www.ebay.ca/itm/355769656669?hash=item52d586255d:g:tMkAAOSwGRpmYOC~&itmprp=enc%3AAQAJAAAA4LT9wDIplltqrh3nplQ6J%2FvfOmAG4SJ%2FuoA0So7XgDbdIIinlTeIzf%2FXYAlSI%2FCUBCMushwJt25jWiRPHy6rruWSCsYcZOxuwfraxpIIj82LMC9xGsqr1cN%2FXSbE%2Ft0HL%2F6MwqVj%2BRaQcxl5hA%2FSjnnL7u2P9Z%2FYZ5ZVOG7qzK%2FYc540SDVJBnVkzXi4JU6lO0puzEUkVBCbmkJ7Wr4Xf7LzWlUm8ZvrqMXYZnd%2FXCm5f4Uq%2BUtrcpE25q0RhHWqxFgbwsNpRQoKI9wD0aI0%2BXF1uK7pBNf5nQtKteCbzzUZ%7Ctkp%3ABk9SR7TH3K_9Yw
EVGA GEFORCE GTX 670 4G-P4-2673-KR GRAPHICS CARD,https://www.ebay.ca/itm/234721219404?hash=item36a679934c:g:glUAAOSw06NjPFly&itmprp=enc%3AAQAJAAAAwIQROxuJhsLph9PXBhtEGMfflufd27DtT1Kx%2Fs39hL6fYsIfK7FDa2p7opmJFhgl4B6ToOZ6JcweP7N4e7Zlj1DhM8rdQNf3yI1ubB06iQvn1t5SfSjnESicNhxZLSuH59JIydY8GmW1uMLF%2BMhd%2BokE%2F8d1EauJOK7idld6o6tvIR2Z0Xvtb7OnS7GKB9s3biaZTeVKxChF8k5AKCo3D7Xy7dFqHhLuQDpJYKe8wR2o1ErLjvseto%2Fhsiu1q%2BWI8g%3D%3D%7Ctkp%3ABk9SR7TH3K_9Yw
ASUS Phoenix GeForce GTX 1660 Ti OC Mini ITX GPU graphics card ,https://www.ebay.ca/itm/296480419152?hash=item45079c2d50:g:pJ4AAOSwmFRmX6us&itmprp=enc%3AAQAJAAAA4KyVrF8Sgc9rrfRH9UDfsHHhtJWaFpTbdMntVpgcZiSZTEBr%2FmExnuphHqUBMfpEgocLMUjwjGyKYllf1icBabnzGp4SQ9zrnWo9v%2BB8GaORMUNF0enU8GJRJ8u6QfKtEGp8AwvsnGGs6p29XZmnBeQv5SHyhps2zlYs9ZxtcuRQi5PgES3zXUi%2BVFH5DIBotiapGA6cksbnx2bIRu1IUDaiO0kfgp%2Fdww%2BxEbPqeVqgUDL5CT%2FoNhS9Ypu6GoZXkSsf4dy4OKd2eiMeyqkqWYuWVQKifigovYufgRgA4Tht%7Ctkp%3ABk9SR7TH3K_9Yw
AMD Radeon PRO W5500 Workstation Graphics Card 8GB PCI-E w/4 x Display Port 1.4,https://www.ebay.ca/itm/235503271090?hash=item36d516bcb2:g:GMcAAOSwjy5kqda5&itmprp=enc%3AAQAJAAAA4P4AM4jmTHwaPn3npHOMksV2uW3VRD4P01inlnR3gdgPLMz47ckM1hfUg%2FoPipwTGVZbCJOwSlXv6ygN65AlZUdw03QIDDAfSGrqg73SPCRRYa3iZkqrsKdxCsa0xWQuMGraSa2DnDsi3JKAtmtWvif2NFyFpTh2paEztUbam%2F%2B0KZjoKaYczSwAciD3FregvPSLa45QxyC6QG8aNeHU3Pz3QE%2B%2Fd44LbJWj1ZLozUzFNeB%2BGgGXAwCv2EV6p9c0DGBR%2FFAmznu3DecveoqjjqVKb14TdPcEyZRetfUIlP17%7Ctkp%3ABk9SR7TH3K_9Yw
New ListingMSI GeForce GTX 1660 Super Ventus XS OC EDITION 6GB GDDR6 Graphics Card,https://www.ebay.ca/itm/196428519095?epid=10035085338&hash=item2dbc0d56b7:g:nOsAAOSwHo9mUO48&itmprp=enc%3AAQAJAAAAwJDGiykI0v1tIeY%2Fs0n8Fmlugnmtz8ayF%2FJvbIW2hAqr6MovJSp20BQHNDbqcys%2B6o%2BB7ykWK6cnq59FfBndxR2kfm%2F7AyRpjkWWLVE0icxvXjkVgl2xXzFKVORpkBQ%2F6coxgGIGdBIYSZMHXyPwVIoNZIMO8KvgbbyH0fN0bmcg9%2BaNZKVHx48AOLWD8a2a3fqoTU44w%2BWRmjvgdIBEOG%2B2zQNMfNHmC7EOW8SRfMbGJRzTawjjfqtDptVHAjRFNw%3D%3D%7Ctkp%3ABk9SR7TH3K_9Yw
LOT OF 2X EVGA GEFORCE GTX 670 4G-P4-2673-KR GRAPHICS CARD,https://www.ebay.ca/itm/335406714373?hash=item4e17cc4e05:g:j3EAAOSw93BmT3BX&itmprp=enc%3AAQAJAAAAwP4%2FcA5qKnMFrpI0rI6TV453NVsPCJUQaGKNPaCIXvz1OFyNbhAS6w3OFAf6sIOJm0YqeIizhwEQ1ilNFaPAS42KyOnldUssTE5SynXnu3F%2BDYrWtE%2FEkEUF5zMoNtAEzig2pOwY4Fp5yaUXbd7zI924M9SuUKrdpqSHzI%2F4TeQIlwCDhv5m6YjSzVGI%2BclzuPypT3l7f9xqiT6PDtWkW%2F%2BnDE6aY%2BnpNBQ9k8sV2jSF2xU406nd2boIHwg09YY8Yw%3D%3D%7Ctkp%3ABk9SR7TH3K_9Yw
GIGABYTE GeForce RTX 3060 Vision OC 12G Graphics Card - No Box/Cords,https://www.ebay.ca/itm/315415303590?hash=item49703795a6:g:pgsAAOSwDvpmXwGV&itmprp=enc%3AAQAJAAAA4G5Mnd5E6OBZ7Uosm4GyZI5%2FRhPICxAPl7ynQRBT3zdcqFQW0EqXLSUMYgqW87SbTIvk7RZEgSqLS0gzm%2BD6t78B%2BIEI831AZEO5JJEJUhN32YnwXc62mkK0Mv%2BU8IzMQjNK2Iph0%2BwnOzpvU7Qrp%2F%2B8IjNhEfkI4H5579JvZGht02cBcHizfkLoJ3jy3SAsPA6P38P3PMsWAbrB1lTDAu550RRXLLOK326zfFTIoDInWpaf%2FB%2FxGiuQ2DCttohb2h5oEJD0s3VT78x9gzdlTdVlZ0lfqJXl7UYeLyQgEZ2W%7Ctkp%3ABFBMtMfcr_1j
HP NVIDIA GEFORCE RTX 4060 OEM GRAPHICS CARD | 8GB GDDR6,https://www.ebay.ca/itm/266843395403?hash=item3e211b154b:g:LYsAAOSwlvdmXgxj&itmprp=enc%3AAQAJAAAA4HI9YlvRDDULQhRhptbxbeGE4gL0LFAKdAnJzCmF80FdtroiJZbmAwWE4n3l4dMWmUQwVtl55SYHVNR63nzKmqcD2aYeoFaR%2BSWjOZtVLgg8G4a2CyAG%2BNuvTKcE4pDj1sVNUv8xzk1ZxKC0c2C3%2B5yvoKyGye9rjPNVwx3fVBJiaGdu54fhOgOLH%2BvK4pFVzhRFvjosZwrbvUkzpwERO7kzOWN23AIZK423IQvY2drC7p30E5zchWy5K%2FLpa%2FQ223469EuZg4qIOYSNExP9ykgZc3fhh%2FVoDpj1gd4L8ua2%7Ctkp%3ABFBMtsfcr_1j
Dell AMD Radeon RX 640 4GB GDDR5 - SFF Video Graphics Card - 06044M,https://www.ebay.ca/itm/335329820396?hash=item4e1336feec:g:kg8AAOSwBg1mHvr3&itmprp=enc%3AAQAJAAAA4BuWHk1jQmenw40dc9A0Y7V7i5dmx5q1Wo%2Fv4SmCgKLpZv%2BSZz%2ByFXfFxoh5tKb9gSWfSSAemE1InHbsLdP7BqBpo1tlwv1isz57Rns%2BatDyez80SOvsEWbyqbpho76kM%2BxEzyyBFA9xjCzGWqHzL76waUyHiWM0qO5afZrcwQyT%2FtFCiHU46yZf6O31g%2FDzuPZ%2FWlbDkFGoM3zUvTpIVteFYYrUXICCsZ3Dlai%2B4Jg%2BUnGtktafwMk8rd0RcOMH%2BFeBDY3a4Hlgi3dNHZm8EJpdtB8FPAnW2%2Fa4hQF2HYdo%7Ctkp%3ABFBMtsfcr_1j
EVGA GeForce GTX 1060 SC | 3GB GDDR5 Graphics Card | Working!,https://www.ebay.ca/itm/196418039328?hash=item2dbb6d6e20:g:wFoAAOSwFuZmUhIZ&itmprp=enc%3AAQAJAAAA4OJ2zaGdn%2FwAeb4HtM%2BPBxs0yFGfiCXpyhcAxaeSDX1ATg%2FOZR7y%2BDgVRtCgUdK8q%2BrQ6wglYY%2BrMCgsoI0mZmoDsdVjAIxJPyt3876NgyRf8EMISDeFKCpVDdzInwKrpbS7XgEx0wITkj%2FLH9AuheNkXdIfQLC9P34vJ1wxOsNcrs9rJgkoHm60dkbts7H2%2Bmd1yeyb5ZOD24HdZtytDRUJrts5ke1yyen8dsTfeNfuTLPws7xEihlin63SLNxvThg18qLmhzCirhZ5Xg6qQPdpZdKhaX8QBVaDg4noyjQz%7Ctkp%3ABFBMtsfcr_1j
Gigabyte RTX 3080 10GB Turbo GPU NVIDIA GDDR6X PCIe 4.0 x16 Graphics Card,https://www.ebay.ca/itm/135088509123?hash=item1f73e710c3:g:HQEAAOSw0zhmU0qc&itmprp=enc%3AAQAJAAAA4NYX3TE4bI17ssAv%2BnoMu6MOGBPjjXqlDL0%2Bjgw2fY2%2BkKg8kWdFoBg3tGVJc10c%2Fe5jeOfKWxDzPp0O2H6gAYLV5xiw0Vqyavtp5lerD%2Bpc4g0%2FCemZnLYYTIR9%2Fwbt0SYc7hnTZcGr8AUBN%2F5j9URn2zyodJtJMRCPvwuOPnEGBY6bAUXkVv1Oj%2FClMUjAKu1x2ls--vo3CuLnp0C43yi%2BsLHWc0KN9TD74BPDh1q3Ix%2Fi6jFk1kzmKvBPrC8Ijgky9hHWyNxIef2o8yJ2CVvWZNggjeb%2BZXgSyZwgYe1r%7Ctkp%3ABk9SR7bH3K_9Yw
New ListingIntel Arc A750 Limited Edition 8GB GDDR6 Graphics Card,https://www.ebay.ca/itm/204819228882?hash=item2fb02d68d2:g:b0gAAOSwuydmYPho&itmprp=enc%3AAQAJAAAA4Bq96vTUbPvSnTv5IvtdUca0ltV9RS33R5A%2Bq8p3Pl6k2C2ZElGlHX%2BlWJfHq4dGzIERTYzBSeBpqZH%2Br6%2FOcAqvaV7BPiXVZ1F9ySVdO8KS%2BbSo27mCMpwGu6KOTA4VEB11x7icMWHu0lTQ7PyvgJd6jpMs%2F2N94Bps%2Ff%2FoX5dqOrfMo9pc7aQHQyNGcsTi0xL4vdqG1cuHCdwt8VXkpkHsaktwGf6xw%2ByTTrfM2sIwnzs5I303dOFOvcYKX%2FvHpaJp1wOhdKlpgDKsiqIqTeE7TjvY%2BKmNHewn%2B79LJ9N%2B%7Ctkp%3ABk9SR7bH3K_9Yw
"New ListingEVGA NVidia e-GeForce 7600GT 256MB DDR3 PCIe Graphics Card, Blown Capacitors",https://www.ebay.ca/itm/204819125986?hash=item2fb02bd6e2:g:tAoAAOSw4KtmYN3D&itmprp=enc%3AAQAJAAAA4LBqjvaa8s6oegVyN8JvZeHQDNbAbGU14pTGFpuUG2P8UVx3aNjchC99zHsGue9kQqRX8lZ12cgeLBCz2ZFpZhlgnIyXQPd7jO7Hb9Qzd8wJDuBATiyxkwNUbXULMUnbmP9bir0iKOAk%2BK3aPmd%2Bm89eTQZ%2B9QU6RKG1xxeUjmWuxmcqs5%2BqG2aW5zHcHvIVCXUuGyXF0i%2BtJqr6a6kC0FWjScI7w%2BkuuPj%2BH1PLBA17ZaBm3iDvrWsEUeezS%2BzV5X2%2Bn3dtbQeJ8btN8yyGkDwfLsGbx%2Bh%2FhbRP7FXk5Z0n%7Ctkp%3ABk9SR7bH3K_9Yw
New ListingZotac Gaming GeForce RTX 3080Ti AMP Holo (HoloBlack) Graphics Card,https://www.ebay.ca/itm/126515704076?hash=item1d74ec710c:g:g2oAAOSwFn1mYHwD&itmprp=enc%3AAQAJAAAAwCiCuxVI450HhTVgDAeAp5XDkh406f1f%2BXEuMjFmAczbbQiSnwscIa6vnPYGdk4OYutJSDnBLkRG2SY7nk2TcAEpIQc%2B1G5--2FZgOdxjPYn40Wk61bnD1rEuEBz1DN1eN9BGfwO4%2F3OJJj%2BjRHbCBIiAT3x1%2FWwCsnzeOP5x3WuMUdt%2B5YvoQgDYn4mo1Hzn5accyhUZkWztin5ZMAiTON0LhXbtqRq%2FZy3XD9oJV5FPaV%2Bx4Crxp%2FTRArUTDGw8A%3D%3D%7Ctkp%3ABk9SR7bH3K_9Yw
New ListingASUS TUF Gaming NVIDIA GeForce RTX 4070 Ti Gaming Graphics Card 12GB,https://www.ebay.ca/itm/176410966469?hash=item2912e9b9c5:g:~6YAAOSw3lRmYNPp&itmprp=enc%3AAQAJAAAAwHHG60vFZcu%2B47okmEmFg4pCljNXVLk04RvhNgQ6XyvD7bx3drMFzYYzO4ZffkyW0wQv8HwY6Y8KHMSFth0PTXtWTQcbDBKuqLYmnhMrJh%2B4M%2B1PU9QgdRFPfzYMraXuUvNg5K2k3co0Dpnd2B%2B3QXKy9alRWELPZQ7Q8omIPmSmm1Kce1k3kGZPl%2B%2FbPzTQMScK%2BEKWeRhUUAU4NKPuWH8FClcjUWiK%2BcSvTgZSof4Mdu5Q21MDAC7Iw6Wa0mQ9ag%3D%3D%7Ctkp%3ABk9SR7bH3K_9Yw
Graphics Card Gpu Gtx Rx Joblot ,https://www.ebay.ca/itm/226173672467?hash=item34a9005c13:g:evsAAOSweKFmUMJO&itmprp=enc%3AAQAJAAAAwAVuofAsEvMz4LwMeBdbZDsCn3%2FkX249o61RQjk%2Bf2BxE6qqB30xCYDn8ez01TS0uBKjJBy%2FGDRNsxQwo8%2BV2GK483VGAPg2ERrJWu0oKCe58uB2Shs2FpY7k%2B3G%2F3lhHFzCjVDB5FqxUKx431DdoHjrVsZue7aC4j6OPjQ695hHPaOotwuZzrC4ZWGJQb4Ji%2FnYvUt7MuzqnJRTZ23fI7lsx88XtnmGl47PYXCUy3N62fA26JNpJU1X4x2yALmgWA%3D%3D%7Ctkp%3ABk9SR7bH3K_9Yw
SAPPHIRE PULSE RADEON RX 580 8GB GDDR5 GRAPHIC CARD WORKS BUT MAKES SLIGHT NOISE,https://www.ebay.ca/itm/256532142349?hash=item3bba81d90d:g:9wYAAOSwd3lmXSWE&itmprp=enc%3AAQAJAAAA4NUyKzAx0PwgtNyMoXwA5A1qyymWqHaWnmAw6lb6hGTT1od%2BRQ6hmMFbv%2BJsEKaiXQ9d3yvIZpcyktT4TSN%2BcqKcQYLtbfb3CMm5pWGdII%2Fz2Vx%2BF8VEqyhX6CLUzL7opW1kGNo9nT0ij70sYtum9S3Npot1SY2CvWW6TJF63chqwhIpaLisgEXPNPrmg%2FSfLzjLyDmon0c8gP6ujGpceMg%2Fl8XfpXHm3ZY2Enbevt8zBi9i%2BSWK1tsS4%2BfnVGZADJD%2BI413OYrONafnLWneHftBGV5Qz3pnZNHz5XCBSxRu%7Ctkp%3ABFBMtsfcr_1j
ASUS Radeon RX 570 4GB GDDR5 Graphics Card (ROG-STRIX-RX570-O4G-GAMING),https://www.ebay.ca/itm/305590327858?epid=9026714562&hash=item47269a5a32:g:v9gAAOSw9pRmVff4&itmprp=enc%3AAQAJAAAA4JXa94mmJ5qIHTrQoQk0fUUbz3YashVfgAkakQ850pmYUQAefT1O05K%2FOKHxQaAKCTjO9HT9mrZgmmt4CQMUvONiI0xcHoaw6Yq5REWm2Su0LwCcMsZwTwzCoo3heX9nKZOK2LbRWdAuXrtUH8ZCeMYr1T6GVg2aHzKxXd8s%2B1lyOc1fAVzb4MBhmS3SX7xsawimEEKxW9CdvgPruJsE0pMP%2FUlz7fgVMB%2FkViat683KaAHrjiHs3qpmC3%2F8P3rJxofVQJP8BGmQ%2F%2BfBAQLGi40AZOg9xjtm0CvYV%2FkTxB5q%7Ctkp%3ABFBMtsfcr_1j
New ListingZOTAC GAMING GeForce RTX 3060 Twin Edge OC 12GB GDDR6 Graphics Card,https://www.ebay.ca/itm/145816782494?hash=item21f35b869e:g:~H8AAOSwwlhmYNJE&itmprp=enc%3AAQAJAAAAwCisPztefeMPBq0WTOWBpmAJeTDDcJvR9UlUf5iuxTi4Wglh6Kobw2H3YtEukPNQAWsTe6CK3EdOTOC1SAkV9BHVsChrdjZl5oHBk4cGAIeHINLbJTQ%2FJld%2FQ2rzxrB76Jc4mgOrxDhsr8tM1EnZYuJ303Gtl%2FjIH7G3Rcm92tkWUtog3QafRaA%2FbeE9pulzjqEIukGUzXn1ElrCE7XT1RivKyW%2F5T47soweKyHfnxeNtJ4sCi%2F0y3Ef%2BymAZu7y3w%3D%3D%7Ctkp%3ABk9SR7bH3K_9Yw
New ListingGIGABYTE GeForce GT 1030 2GB DDR4 Graphics Card (GV-N1030D4-2GL),https://www.ebay.ca/itm/166806472012?hash=item26d670c54c:g:o-sAAOSwBKVmYM2c&itmprp=enc%3AAQAJAAAAwGH%2F4WWt1fffbh2rrE0cgXV4jE9veFCZ%2FWJHMm8mbSRCGYlHFxbmakTVBifrbbAhhl3ubMckaW1CRC6VAXc%2BTd4Tu%2BNP579g%2BiSmykql%2F1sYYLEfzyoETedeqBA17x2Bd2%2Ft7xOScb%2FVZm8Q1ZCGjccDpRskUizuV%2B0oN%2FmSbEZJkdo7QpIUhjVcwIiBBmYFJcf0PufGK%2FV%2BtOpe2MhGwvVERlYoPTTm7pj7732LtRKIGzUvLWJ5Kxj0O7kR7A--ZA%3D%3D%7Ctkp%3ABk9SR7bH3K_9Yw
EVGA NVIDIA GeForce GTX 1070 8GB GDDR5 Gaming Graphics Card - ‎08G-P4-6173-KR,https://www.ebay.ca/itm/405001748802?hash=item5e4bfc4142:g:lnoAAOSw3epmBaNW&itmprp=enc%3AAQAJAAAAwAoklouBXhylIyiSCI6EYSfxBxoeNZ39AXiq%2BqltbXzep%2BCnQRuUTBcNsoqpH6SPG%2BaEoJcC3jZJhQqH5LeEQ1wj8yL3Tpv83XOs%2FWuBvZE34P1IsSjO2wNLqCq0TQdTsGVzS4b%2B45fTAJYlkC6tSmIDiUr6CaWbPxfjUxNFGFjMa7xifEUtUnyl4jNN1fs%2BG%2FeSiRLQpPSafcggJKbqG1sAVoAE9f4tvxL6hIwAZCM5X2gic%2Buk5Y08YoqZiwXOuQ%3D%3D%7Ctkp%3ABk9SR7bH3K_9Yw
"XFX Radeon RX 470 8GB GDDR5 Graphics Card GPU | 1yr Warranty, Fast Ship!",https://www.ebay.ca/itm/155901804650?hash=item244c78c06a:g:fbsAAOSwSA5lXOws&itmprp=enc%3AAQAJAAAA4I4MN4FykP8MeZg%2FwrST72V2akzMzXKZ0WraJJY5a25hukSoViZ7ZPbdZ5nr9PrffUFQwWvu2cb24%2FABOx7yCUrs5wM4ScZK%2Ft5CujBCtMMeEwjkuFezuQqp6Zux2V8IrXgCX3x0pcBNDa%2FR2KcF%2Bc3l0Kev1qw7kyrIMUEeBXBWIcK8j9zzzHVZEZvZ0dOJqhYVkSs0DtT2xGm%2FO3tpM6Xt4HCZ0VlQrcGoGV2pCxQtEdgIoRyOAJxz61vb%2FAQ4Ro5c4EZY%2FgZBdQEh4I0ppD2kcW8UaMiMlOfdc3Rn8YEV%7Ctkp%3ABk9SR7bH3K_9Yw
BRAND NEW AMD Radeon RX 580 8GB GDDR5 Video Card Gaming GPU HDMI Graphics Card,https://www.ebay.ca/itm/256454495174?hash=item3bb5e10bc6:g:ijQAAOSwbHxl~Qgk&itmprp=enc%3AAQAJAAAA4E0RwjN8iI8lMmHD0jdcJ6vTgs0X0soWyqa1nxLaG%2FNsII3JolpjLQ4qZe2zhsqM4YgO4vWSnXdTPJwgk%2BxQTE4E7GcDuuZBtHcJNO2IFd2iLvuiyMEzgSaQTFOs2RVxj6xz3SLWjYUt%2BGkywQ7NfBKHWrmIlS8QukJ1kaZSy3XwB9itZ0PUkChooeyUVWGQU9y2MeMT%2F%2BbdjxiSIDApXkpFn8koLVYPyg57EQ%2BtQihRZtmQ5RNf3RlWdh%2BSuSFxy70HTfFQtbTfuzHDK4cvJ8M1zddzVw%2BvOpTXZZANEKuf%7Ctkp%3ABk9SR7jH3K_9Yw
USED MSI NVIDIA GEFORCE GTX 770 4GB GDDR5 GRAPHICS CARD (N770 TF 4GD5/OC),https://www.ebay.ca/itm/156242304893?epid=1849558362&hash=item2460c45f7d:g:OJMAAOSwAaBmX1AH&itmprp=enc%3AAQAJAAAA4NTIDA1AFulkqQ9KzF237waQVdmvULdwJ8AkZMZIqHXpVLpzvzuPwWKglSWyg5c8SQT1gpKuDidDlqAVc%2Bm6mEPr3qd32Yk%2BbbbaRHl97h2LE3izzO2X4zhaDS0la8GmIeGZ2hsK7ukFCK%2FHRtOxM0UzUwk30OngA1WR4AKoyoWqJEMauFBJXp0agiY4jdY2BG%2B%2FWX7HuQps%2BX1TKgFAdQu2at%2FyTFnm4ttMU3zQkru8FBy97nP2P8CB5EVX42dRI90gc27tu0fN3rmd%2Bw1FpL7hXhkIWLpcgoxUEOyGWwfO%7Ctkp%3ABk9SR7jH3K_9Yw
New ListingAMD RX 6400 4GB OEM HP Graphics Card GPU Single slot,https://www.ebay.ca/itm/186478722292?hash=item2b6aff7cf4:g:no0AAOSwDIJmYPrX&itmprp=enc%3AAQAJAAAA4KYpeY%2BuYal5DYq6V3q4x94%2FBa%2FbvS00wN779q3qsqx1gZvVX2%2BfsTiOTgtEko9aKcU%2BO4w1eoBwjFDeKr7%2FcgZpfC0EmOsQBef5y9AD8pYLEzqulFudKFoHXSjuU%2Fh2SCMur1MdEB8UucQqA%2FesTGJSUk35Qbgerex0tzAzgygoAn538t3hoi3ScW4khrc46GzBlm%2B5jEkcHmM1CQumyhj7di%2BawQGz%2FCXOUoRdCJCf0%2BJGIlRP6W1nqz%2Bg5qSihBHJq9wUX0rxePt2gwu0TyTIm7Dnxg6yz0EmIPyM1ueb%7Ctkp%3ABk9SR7jH3K_9Yw
EVGA GeForce GTX 670 P/N: 04G-P4-2673-KR 4gb GDDR5 Graphics Card,https://www.ebay.ca/itm/225861445060?hash=item34966425c4:g:6HgAAOSwoA1lSqNX&itmprp=enc%3AAQAJAAAA4CGEv4xuibjE2YQ3HiPfoMq4tHliwcOeOI9%2FPR%2BiY8yQ8kfDYvugmnh4ADIqHhcCIPQnfV6aqW8jogQKgCYFSIU0La8qbSZiPKHOuhGO34uQv%2FzTXOjmynZdWrHnHJlcE80kZ4cEQPTfHg1nQciFQJxD6bOT0d0N5vPd8mPdH8Gw2JfLcXqRor1EC5YTC2Vf6Z9Kb4lSY1jYedIiCDxj6YDaqUWyCYjexYjzPZrbIpjKI2Tv%2BjPDMxzdbhPVYsG3TwLgBx7zJ1tJ6JEB187vkDI0rcLw9ZJOPxZ7lg%2F5O%2Bhh%7Ctkp%3ABk9SR7jH3K_9Yw
"10 lb Bulk Gaming Graphics Cards - RX 580, GTX 970, Quadro P1000, GTX 1060",https://www.ebay.ca/itm/186372019482?hash=item2b64a3551a:g:E0wAAOSwKglmCwWh&itmprp=enc%3AAQAJAAAA4GrHItDzvkvKv8ZjSTM9SQUc32TY0GQIWZoUxt4MJA22mHEISr0IgfX8oHpfRoQyd1LcZoXGaoggBMca7kjrVtYa602RJEKOgo48Fp4tLefeCdahIzFQ58iPOiUEWOqGeMqEqiD99bwVisJSx2VzSVU2x5RSd%2BEqaEp2IiTfmKauB2LgrzBJK%2BlzkvAiicZ09oPKCHWV%2BNtr4DckGC7oP3HrW8eURb87HYaZkfZSvDmfg35oJTiGqBRJFIHBctiyJflwK4Yu78FUGuuI5%2BmX%2FXkeceLLSetwzTSIc0ehzMe4%7Ctkp%3ABk9SR7jH3K_9Yw
HP AMD Radeon R7 430 2GB GDDR5 Graphics Card - DisplayPort,https://www.ebay.ca/itm/185973566684?hash=item2b4ce36cdc:g:WlgAAOSwrFdkpdsY&itmprp=enc%3AAQAJAAAAwKCrLEeO%2BTB1lPNJfRKxrN5ceZyqUnDqWTnd1ZlISnHoGVIH9a2FJ485WATLojqXRIj%2FmDfN2F3gtX3wmBRYLm1B%2Ff%2BDDMP8RAkJwtbkxLnN7pagEXAJjl2%2FdZXrgC%2BMFSm8haT5rPZiTYUnAp%2Fs2Axntzy0vJS%2BKASkWR73HxknRu89j7w%2BHDrTE3G8ryH9miS8ALNtmlSxg6Qv0fUHUzVZUNB8eQrpBqwHwN8MJInEvTDQKr7F5Rm4pj40K3W6Pg%3D%3D%7Ctkp%3ABk9SR7jH3K_9Yw
New ListingASUS NVIDIA GeForce GTX 1060 6GB GDDR5 Graphics Card (GTX10606GB),https://www.ebay.ca/itm/387061002650?hash=item5a1ea2319a:g:EuoAAOSwR~JmYNld&itmprp=enc%3AAQAJAAAA4DWFSo0xnEvsqIBglZWeV5XnK0DOAkKTcuLPTjVtC9P5c1SVlQXTr7yp7woni055%2Bly3Uh7kHZqCMYKB6gKDNTM4tugNvGf7CeBXKpnQ7f8jridXXmYZVPFKUNg%2FTce%2FxnWNA3waqSMl4HyXz6nFkLbjzmYpUrvlEa7mMvhzQVFICdwQMMDeph9NcegeIygsAE1Xi9%2FXFtIGTOelrbBFERDAXV7WjYqHQNlQ%2FXdNdBfE6HLGj%2FVzZZpPSSZYGhMC7wH2FPpaEtaDfD7Xpdd10GGaT70QL8P8f7PmbrFxGyoB%7Ctkp%3ABk9SR7jH3K_9Yw
New ListingASUS GeForce GTX 1650 TUF OC GDDR6 Gaming Graphics Card 4GB,https://www.ebay.ca/itm/176411075556?hash=item2912eb63e4:g:xDMAAOSwnghmYPGh&itmprp=enc%3AAQAJAAAA4F8xGCiPkmV2sig6RYwU%2F0PyMMu4xh3vaXephUDKvflmQMDvG1%2BHAWGpB7PeIJ2EhEUlF6T9llcWUx8r5qbcF56Ej6ep%2B3LG67X3jUQVlGvM3J%2BkIqY54Y3ZHnmvf4UY054Jh4qeKRK01o2XfwdkMXVLLWMMm%2BkJ%2B9ceZY2tR5AF8jJmhPN9eVUNKRtG8Npo4bUrFaZSFUCl6xkhhGTAzd9yeEAGssHDys3pCPTf%2BK1VC5rahVAINId%2FVZNCCa6JuJbuwpmkXVHSzYx3XLij3MbnLjBmG1m4v7QDUg2MYIer%7Ctkp%3ABk9SR7jH3K_9Yw
New ListingGEFORCE GTX Titan Black Pn06g-p4-2790kr Graphics Card,https://www.ebay.ca/itm/135091682419?hash=item1f74177c73:g:jPQAAOSwJppmYKyu&itmprp=enc%3AAQAJAAAA4HCMKJS0lHg%2BkWfyjEiqD95bAA7u3xeVGweUeo%2BNSI10iRFI%2BuvG4omju1AAfba00Q6Ecr4kcYy2pCkr%2B1ilonu6%2Frpk1qB6acZv6wXNn4fWAHAhWIUy0IjbpEUF%2BBXhcL9BEM7fgAW3ScK9G%2F4qRCvtOTXBC%2BK%2Bf6BuzKwbLnj9t86xrVlIdhnm9crrkMM56Q%2B08B1oBXTVea2Q1wTBp4bgo1H5OJ2qZn5jzMq7aOxU7sU%2FrNfIN9nwe75BGGXIVU--0LuQQa0588zB9dPsnCsZj55dJ7IUnklLb4uzuDFf%7Ctkp%3ABk9SR7jH3K_9Yw
nvidia graphics card 8gb,https://www.ebay.ca/itm/125139126246?hash=item1d22df87e6:g:~RcAAOSw2DNh952V&itmprp=enc%3AAQAJAAAA4M9tQgE4a4Zqjo7o4pD00xAEYXrt8UrbV%2FmZlJuaMDpMOqOATZLk6QWwGFaVxcaLx7njhtU6u8G28%2FLEGYp41AgGpC%2F87l4WRbzrZcUvw%2F5fflTVMKF%2FC9d5K1nF9Cg3VKhjAi8JcPKa9RiW8zcO909CG2lleoa1nPsPLeOcLKHSWcPX0BERQUgN8K7jJcJ1PU5xfX8F508P%2BLVajOF3JGg5Zklv9kSQkA7F1HzBLg015eaLJU7R0XC%2FVikQxosMhyOrw1T9vJiCL6d7hH%2B290%2BWpAjEoz%2FpYTbMX5b9fddE%7Ctkp%3ABk9SR7jH3K_9Yw
New ListingASUS Tuf GeForce RTX 3080 10GB OC  Graphics Card,https://www.ebay.ca/itm/276495171789?hash=item40606580cd:g:wncAAOSwRSlmVpn7&itmprp=enc%3AAQAJAAAA4HgrFqwima%2Fyqb%2BalyQhyQmnz%2FcK6LEnlSpDveqGetWeW3BgT%2BWU%2FNIem4zDccF973SXGFk88YgKxbeToYCSoCxCGIDJchGOFbgHusD8Na9oA0kP8QxXoVqFx4h7U6zWI6LtWbJXJ3tm5XVFJZoVPoj7aodud5BH3QxtEr87qEJlV%2BtWN4eM6nMP9fiSvQ01TwwUC5PoCC5SyKXgwcMMdH7WIk%2BJK3Ycmigtrm6ZeAtctjbhtAy99eIFnN5z%2BlUN%2BlM%2FCnsHaj0hILPNQIP5Qgv3cVqCk7Y%2F99gJSxN9uNR6%7Ctkp%3ABk9SR7jH3K_9Yw
New ListingUsed EVGA GeForce RTX 3060 XC GAMING 12GB GDDR6 Graphics Card (12G-P5-3657-KR),https://www.ebay.ca/itm/135092022382?hash=item1f741cac6e:g:hJ0AAOSw5fxmYMcc&itmprp=enc%3AAQAJAAAAwCa8FmWbdcy%2B0K03d%2BjdS8XNPsxVHfyXm4f1TdYdPel4M49Zvhe4pzUn2MxB3RT49XJ5HO19hOJ9DSAYmcDjYjOIpkW4Epu%2FjkTLZCVYUQCqe%2FAC182hVMoG50K1G%2FFyavdpzMaDk0kaDbDMFYFSKK2yEI7vWc7lXodvyz%2B3%2BDEZuhi5%2FDAjHC5o8JsEULXGE2U76FXcgU%2Ba%2FkEMIBi2PT%2BtkNRj6rFOs8Y5NvcGYY247ZgqSIBwLVs0bCCefkLZcw%3D%3D%7Ctkp%3ABk9SR7jH3K_9Yw
New ListingXFX Thicc III Ultra AMD Radeon RX 5700 XT 8GB GDDR6 Graphics Card - RX57XT8TBD8,https://www.ebay.ca/itm/145816707019?hash=item21f35a5fcb:g:R8kAAOSw1ztmYMCs&itmprp=enc%3AAQAJAAAA4Gslw5J378yS%2Fi2RIypsaRQy21zF2PsDpAhAoVHvNpyE8EsMpxbPBUNVHPIIY2UqDAIpA4%2FrPQSR7SYxWzPWTqYDffbBLaOC7Ac%2BA1RBNHgrKu5MUG9LmCX58waMLWPv8srNscszKPbEK3FVQYGH902yq92X4mgKeMveQLyCW1CXNbsj0jMSqWZ7TBT%2BDJoLN37OMai4KVTKBIlUKXEXbVmaQ%2FR%2FN3cMf0SBEogK7lFZpszivfJ3SRIgI%2Fc8D3WS22q27y7JEmRpi%2Bu5MhLx7gyQme2WaFuTpl7sB6ZOU2do%7Ctkp%3ABk9SR7jH3K_9Yw
New ListingAMD Radeon Pro WX 3100 4GB GDDR5 Graphics Card Mini DisplayPort -DP,https://www.ebay.ca/itm/395451345568?hash=item5c12bcaaa0:g:YroAAOSwwpRmYPj6&itmprp=enc%3AAQAJAAAA4J%2FfPqLRcdoJaSLsJPICpWKRoFLaHjeGZmNCzcsSSMUsNRI2pwMiHLN0GqBE8AwE0HCp0KkLJ6cNMnU3g2B1VBzKdFNJQojCgrGHp3yDskOjsbtI4Q%2Ba1sgB41O3NIS6GUqIrCKnmtpeTqqh9THf%2FhJ3WoZX%2FHBfQ1zXbImajtBxB96idi188gR4%2FmptHREx9kk9a0fWyMG4TQ3fld32%2FEzRBlXF3XkcHzVDdXIgf6aInADPbgtzmFDDIH%2FcLKD%2FDbSML7rGQh2sYVOOjVQF3IkI%2BtUl0Cd6XNa%2FUJFq2Wxy%7Ctkp%3ABk9SR7jH3K_9Yw
ZOTAC NVIDIA GeForce GTX 1060 3GB GDDR5 Graphics Card  Tested,https://www.ebay.ca/itm/126488698413?epid=15045993340&hash=item1d73505e2d:g:eBIAAOSwOjZmSOZK&itmprp=enc%3AAQAJAAAA4O0uRLFC8YKNrtSWDejKKYvmZ04i3%2BRApOmu63iZoDpC4SRAYctgZqkb7zS6s5kP2tqn3ogMyS2Urm0W7H9%2FhBW2uboC3eqpDaBcDyLcwAw1DHUygk3hvunusLMgo36HnDPFu8FlMJF%2BR%2BpVAFFNLxrrqdht7RjD5AAG3w7wnuQzFI--aa7KNTc0cejlM8KYdGmc%2Buwqy5JOzhDRBBAkkHnor5N6sV%2B1YddrehbVb2SGrO7R0wjeQRgixrp3R%2FXGOVxmbOoLqQhRvWtPLO%2B%2BdHDIeWjpehd2nfZHEPaMfHvp%7Ctkp%3ABk9SR7jH3K_9Yw
New ListingAMD Radeon RX 6700 XT 6700XT GAMING X 12G Video Graphics Card GPU 12GB GDDR6,https://www.ebay.ca/itm/355769929644?hash=item52d58a4fac:g:yaEAAOSweTpmYMYp&itmprp=enc%3AAQAJAAAAwFiZ%2F63rmVZ8KwAszueHufHR10wieMmiPLth%2BmNoiuABqxRkQTNzINF1ZrWqEVTkGxxY8Hro2RjSe9y%2BkFT%2Fh1aTIgtIlMsdY67QliVbn%2BmteMA86aSa68fFY8q7V%2B%2BHTTCcOWAg762of4DWW7jyyxobu2FtjD8Sr7Vi%2FZmO2fVMauDicjCGFJcVa5mVhkeqt0rAYAOvj7JLIIIhYSyUH4t6qKJrrSaYZO0YZUXmLIyYkjHh67xpzZVMtqRs5mmvOA%3D%3D%7Ctkp%3ABk9SR7jH3K_9Yw
New ListingASUS GeForce GTX 1650 Super 4GB GDDR6 Graphics Card PH-GTX1650S-O4G,https://www.ebay.ca/itm/355769635752?hash=item52d585d3a8:g:OyUAAOSwFVFmYNwD&itmprp=enc%3AAQAJAAAA4ANrILoK6ip%2F80hoHeipt%2F1zvIEJPIMutId8FX7NDGlU5Rm0MIvLGsGStQUO4VKF0aukQkvtXidShySOUpLbT%2BRJWdHKYNW2C3Q30JEBkD2F51dnjNHUfK16Yoer5emEPXt45mRGT53zJCHYRbbx7AvUZ%2BtG5hS0ghDRvO4bLMOMC3rj1dL4MDcvkDxuBRWKYNmLjyNrXluq7yVZdFfd%2FT4ZoiANLSLPSYlq%2Fw3LTqKLznTD7AfPKbRnkVEqNt4GfLZOcaFWJ2D92WvK%2BnyAsf9nQkLnhcMeX0AY429suBuk%7Ctkp%3ABk9SR7jH3K_9Yw
"Gigabyte GeForce 1650 4GB GDDR5 Graphics Card - HDMI, DisplayPort",https://www.ebay.ca/itm/186396423281?hash=item2b6617b471:g:QhIAAOSwrtRmHuLZ&itmprp=enc%3AAQAJAAAAwE0F1lt%2B9PgdfggxilkuNq%2BosasEwkLZd6qqUPGPJbtazhhBuYCZ4xK8ZNju1TEt5kqEPkW35V4U6L5NvuPK3dJat73F68Fu%2BapuqMoKKJK1xu4nVocp2zl0Ip0My96OyLUyZEl4JGDWM6uW8yRY6fbUQwBxNgkYh5WlAcu6S7W%2Fj6xEAyHl%2BPM2ydYH5Fj5JEvhaTjWchP2um%2BqXpHPY4czM%2B1dT1On%2FdxmEI7iTvHtUwbGI5T%2FKgdBkDF0I06vKA%3D%3D%7Ctkp%3ABk9SR7rH3K_9Yw
NVIDIA QUADRO 4000 2GB GDDR5 VIDEO GRAPHICS CARD (GPU),https://www.ebay.ca/itm/125888151270?hash=item1d4f84bee6:g:dnUAAOSwoklkPTf4&itmprp=enc%3AAQAJAAAAwH8l5N2yrT3EN%2B%2BIa%2Fj7p3T9f6kFQwL1x5PDSeRPVCaiRXd1qhSdRBmEMefIyRx%2FaIRHvN6sP81QbSk2laDeag5RtKTWUFJwsrE5lx8l81HX7qYhAwGJHhWv%2FELuG3eBUzqgbm3zn705p2ypOWIdnViDRj%2FaSkzMLRobnTEb9ib5LM2sWrsXHHyBNo5XJGpG7x%2BMwGWzhY%2B3exsDmPSasA7vom6cOVgqw2Ba985lSM7vrHsOL6C4CLHrbcOb4xRn2g%3D%3D%7Ctkp%3ABk9SR7rH3K_9Yw
GIGABYTE Radeon RX 580 Gaming 8GB GDDR5 Graphic Card,https://www.ebay.ca/itm/404949783734?hash=item5e48e354b6:g:494AAOSwFfRmMD2x&itmprp=enc%3AAQAJAAAAwAzr80gJ19f4crwhyjf8r%2Beehibs0aNrOjvw4wlFwfFlAKqMGnWSHmz8G%2BnSva8hNl6kr21Cz1sEQAqThSqBHOKmXKtrirweAPfD6qXW2lDupTPPIE7tNf3SDPOtDpT8APdTnoVN07%2FzAvkZr6bbqxgTO2TCXcfximNWzhL6maS0qaRmZsVqb1JJwB87wo%2FO194YhqrvTWWTUdWOS4TibN4UJFJ1UJdOgS3TnEqzoCTBj2E4kv1LEbYu5sHiW1IUXg%3D%3D%7Ctkp%3ABk9SR7rH3K_9Yw
New ListingEVGA GeForce RTX 3080 FTW3 ULTRA GAMING 10GB GDDR6X Graphics Card...,https://www.ebay.ca/itm/145815188126?epid=28049305346&hash=item21f343329e:g:CeQAAOSwSPFmWTjD&itmprp=enc%3AAQAJAAAA4MaBYxH2pqcNulzUJM57DN5MAervNi0r1o56Lwesm1FzSdczi0uXWVzNzu6zgCByv3P6bfJ0SlvG1MTsbqvZN0sqk4cilEkYUyzHlgKTRyEzwXQq4sKMN7Snyl0pEfUP%2Fr3kx8T3qpgBaJwMT5HirV5Q%2BPWLHYKzRZgi5i%2BPxd01PRHZy1QOsjb84FVEw4gGtYtk%2BEtuGXD9orwJd%2FRBIHCEuKw9csoidxLmc2TBiRdwUIRT0iHlTY4LsAGXNQQ4mf2hgAFHTzzZh01YUkUbbpIQAEpVZxch9o2NazPAWGKS%7Ctkp%3ABk9SR7rH3K_9Yw
ASUS DUAL GeForce RTX 3070 OC 8GB GDDR6 Graphics Card - Non LHR! Warranty 04/25!,https://www.ebay.ca/itm/326119935040?epid=12043525651&hash=item4bee434c40:g:1H4AAOSw-8BmO6A8&itmprp=enc%3AAQAJAAAAwFmdyvunYCLJYCMVNrHwzJwrJR4w7mYdYdHgrsZZrFJGWc8KdE7NCZOwWfmq8Htk8MFzAYxnIHkGxI0LISzhJTpl837HRL%2Fg7KLjms2kXYXt%2B2gwYJ3roXPHiRLfgCbfhm7585CIVhkLaBnzBzzP0u7FnH%2BpnhQ9pMPGT2Mh3cmmQrVrQLZXIKskB9FMpYSw%2FhxjyYC7VelAgigrrJoX%2FjoEhB5vxcR9VomjFiMKHQmjw%2FygGFMQ1p9Y3qP0yCKRow%3D%3D%7Ctkp%3ABk9SR7rH3K_9Yw
"Gigabyte GeForce 1660 Super 6GB GDDR6 Graphics Card - HDMI, DisplayPort",https://www.ebay.ca/itm/186410589378?hash=item2b66efdcc2:g:1MwAAOSwk2tmKAEI&itmprp=enc%3AAQAJAAAAwE1x73RfT9qfGaX%2B%2FeWGZXfwV6YhGe7E8dv6TV31Zay9gB2OanaO4mIHrWPVZN%2Bub8icKazjb%2FCBuzQvEbjij4vJmswmh5oGqxU4tbpQoQfx%2BeAX2%2BC4GTTlBDIWUW6f3BbnXmthAvKhuBSO2kwjJZ7%2FWHBl2A7ehSP61bI4NRi6Yjv1ER8kavFzv5bbn%2FaF7NyaLjUz5XL6sTIf4bwFOscuYfodquukyMCmhLn2AfaJUus%2BAYdJeDXC%2FehiexYQpw%3D%3D%7Ctkp%3ABk9SR7rH3K_9Yw
"Zotac GeForce GTX 1070 8GB Mini Graphics Card GPU | 1yr Warranty, Fast Ship!",https://www.ebay.ca/itm/153651402320?epid=10021692042&hash=item23c6565650:g:HVIAAOSwoahi8SoN&itmprp=enc%3AAQAJAAAA4EHMTnocOLpwiGd%2FaU8YZVEA3oswB--JoOyblNou6ZN%2Fv1%2Bfla%2FAtuXtUY0go6iQO%2BnLtzS8K3W5xGAD6g%2BKJDhtX7QQWoOUW%2FnGtHddVRsXt%2F4YEmun1GCeZPIeIFhd5DRgh8cg8I06bjG9I9WkSNn5DmW05NgMN2om%2F5CFhoVRux3sFVF13w8VnYCZRIr510i3SIfwb86tk9mcSSb%2BBJvk4%2FfxXSelE6VOQsJrXiUQqLdxJcJV5Vdvn4ANLoVBdsEPB8IvhL9UtZUmHP38CLPLQSH3otJ9cLxCe8%2Fpi8dG%7Ctkp%3ABk9SR7rH3K_9Yw
EVGA NVIDIA GeForce GTX 960 2GB GDDR5 Graphics Card (02GP42966KR),https://www.ebay.ca/itm/315403213019?epid=220477975&hash=item496f7f18db:g:39wAAOSwI-dmWFuF&itmprp=enc%3AAQAJAAAAwNVTBk3P1dWLY8WQfewPmUB1LuhyiyjDHZAQA0XM69m8TWO7nrfx7gt%2BA4%2BEuLenyAkxSqz7la9QYuWmUlt4S%2BDzf0Fi4dyMfaqb32Pvcw1UtpPUVc1BsU0v0mR0Rd%2BwfQygz%2BH5JvHazM0bn2ulUaCByoaz3qd7Jl%2Bwh6ggALv%2FeIe9FKre98xArGilHWzJfdEv4OPuXnrkMh4XirWhSLPc%2BVMFfRUcEP4cmWwoMPa8LpWiPFbmYyMqj6FwztAFQg%3D%3D%7Ctkp%3ABk9SR7rH3K_9Yw
New ListingGTX1050TI Graphics Card With Cooling Dual Fans Desktop PC HD 4G Gaming Memor BST,https://www.ebay.ca/itm/196425891886?hash=item2dbbe5402e:g:TSMAAOSwkUZlmS6G&itmprp=enc%3AAQAJAAAAwMuRq05lym3yJvLPKk0o5I9eZEU6uQ36fksgNqGnt5YJAjg6ifRcPq8gmWielT5ZDSUTyiTyLoeiO0VpCTW2D%2BuAU21SyF%2BfFZLSFYtwmvyjGBFl5k0H85cdXfC9gKMYWweWo2EQ3ACU1bYjazvP0OzHWXM1D%2FRVEwCz9avTxxX8exqns9CnIeSV0GQEYh6nM93gADzNjwrkgfjyQyCVvUc4t5z%2BMTmrqOLKs6noptYwEP7gD26gFxdzdzollGqp0A%3D%3D%7Ctkp%3ABk9SR7rH3K_9Yw
NVIDIA Quadro K620 2GB GDDR3 PCI Express 2.0 x16 Graphics Card,https://www.ebay.ca/itm/285571113556?hash=item427d5d6254:g:6AYAAOSwp25iM0nC&itmprp=enc%3AAQAJAAAA4Ox87vHXBZhzufo0ofGn5iMJzHKAn5byyD3ESqUZdfrjrKQUHDSoxDeK6vccrS%2BFtHdnFzdEBHMur8O4gaff82OX%2Fo9NPzKExzNyb%2Fce8UwwwxYPaCSuaij0MCk58RR0aP7%2BV51oUxHTfwife7%2Bk9JerMJjGPU%2F7ATjol%2Bw5T9e2T5DYGeYb4EOL9Ewjq%2F7QPHd3ds5WJ%2B3gmnIB5ZCF46Lgq%2BcF%2BDUh4luNRZc8Rfeu3CnQvZAXDEqkJ402yTnpTtdF0LIyt4tgkGyJ%2B0zicA8rWlycWVyaXnQaYMuqFD3b%7Ctkp%3ABk9SR7rH3K_9Yw
"ASUS GeForce GTX 750 Ti 2GB GDDR5 PCIE Graphics Card - DVI, HDMI, VGA",https://www.ebay.ca/itm/186229393414?hash=item2b5c230806:g:PBIAAOSwuXJljwrQ&itmprp=enc%3AAQAJAAAAwBZIMqP8wzNrjwycVxfKF91SS%2BMzmc1wLNgdU9kOCCL3u4mD8WI2wAWnepjdqMOKcurmlN5Fs2BLktreg%2FTT4RGPBM6sM4DVBl27PkvOOUPsuVpMSMpTtjK8ELu3lzGfQLYRCx3LUuF2QUCCrGivJE%2B3P0pD4ONIHw%2BvzZ8oYLj2TIEzLD9yVB08yWBrwC%2B%2B9BSSMNL5MvbmwSzAdoyp%2Bs2pfyK7Bcv72QssJhNtrC4t7e5iuxv2gdCsn89vOLr72g%3D%3D%7Ctkp%3ABk9SR7rH3K_9Yw
AMD RADEON HD 7770 2GB GDDR5 GRAPHICS CARD MODEL: C468,https://www.ebay.ca/itm/186287584905?hash=item2b5f9af689:g:QvEAAOSw1mJlwXMv&itmprp=enc%3AAQAJAAAA4L4kPxzEPvse5ov0j4520QOErwupxaDl9Qcht1rY6G5bYEccS0v2QlN%2F1%2FT9%2BdQn5S7DDatKcn3MC61AMncyadZKyJBpp6fY6gj%2FVyD2wgpqFctli4a7qa5Q4esxXc%2FRmq6J3XxwLmlJOMgtR58i%2BfKzX2DjaamoqNTsMPV7ni2ubHI2j%2FG7bnII9MtjO9FMss1HpQi2yueKilv4l9NLAiELlwY35GVVaAzlooqjO%2FEyEU6ydTMew%2F46e5pGN%2FJhRJm%2BYBE80d1j6KEKvswPDjnxt%2Fr3cpMCU2qcDdCaS8oi%7Ctkp%3ABFBMusfcr_1j
